{
  "Selección Ciudades - /reserve.php-177" : {
    "transaction" : "Selección Ciudades - /reserve.php-177",
    "sampleCount" : 5000,
    "errorCount" : 758,
    "errorPct" : 15.16,
    "meanResTime" : 1928.391799999995,
    "medianResTime" : 464.0,
    "minResTime" : 143.0,
    "maxResTime" : 10547.0,
    "pct1ResTime" : 6499.900000000001,
    "pct2ResTime" : 8225.849999999999,
    "pct3ResTime" : 9971.879999999997,
    "throughput" : 65.2239136957174,
    "receivedKBytesPerSec" : 150.66904958158858,
    "sentKBytesPerSec" : 41.46559357022659
  },
  "Escoger Vuelo - /purchase.php-184" : {
    "transaction" : "Escoger Vuelo - /purchase.php-184",
    "sampleCount" : 5000,
    "errorCount" : 11,
    "errorPct" : 0.22,
    "meanResTime" : 1873.0450000000014,
    "medianResTime" : 416.5,
    "minResTime" : 149.0,
    "maxResTime" : 10623.0,
    "pct1ResTime" : 6406.700000000002,
    "pct2ResTime" : 8127.9,
    "pct3ResTime" : 10060.98,
    "throughput" : 64.2971040584332,
    "receivedKBytesPerSec" : 160.8858714347256,
    "sentKBytesPerSec" : 44.51820974358315
  },
  "Agregar Datos Personales - /confirmation.php-230" : {
    "transaction" : "Agregar Datos Personales - /confirmation.php-230",
    "sampleCount" : 5000,
    "errorCount" : 6,
    "errorPct" : 0.12,
    "meanResTime" : 1698.1912000000002,
    "medianResTime" : 369.0,
    "minResTime" : 140.0,
    "maxResTime" : 10557.0,
    "pct1ResTime" : 5929.700000000002,
    "pct2ResTime" : 7592.9,
    "pct3ResTime" : 9521.879999999997,
    "throughput" : 62.701428338537546,
    "receivedKBytesPerSec" : 145.348132046073,
    "sentKBytesPerSec" : 51.455192383657504
  },
  "Total" : {
    "transaction" : "Total",
    "sampleCount" : 20000,
    "errorCount" : 780,
    "errorPct" : 3.9,
    "meanResTime" : 1956.5884999999985,
    "medianResTime" : 525.0,
    "minResTime" : 140.0,
    "maxResTime" : 13509.0,
    "pct1ResTime" : 6452.9000000000015,
    "pct2ResTime" : 8102.850000000002,
    "pct3ResTime" : 9972.990000000002,
    "throughput" : 237.09604760888635,
    "receivedKBytesPerSec" : 554.7422242684105,
    "sentKBytesPerSec" : 154.3401265055599
  },
  "Home Page - /-157" : {
    "transaction" : "Home Page - /-157",
    "sampleCount" : 5000,
    "errorCount" : 5,
    "errorPct" : 0.1,
    "meanResTime" : 2326.7259999999997,
    "medianResTime" : 1009.0,
    "minResTime" : 210.0,
    "maxResTime" : 13509.0,
    "pct1ResTime" : 6826.100000000005,
    "pct2ResTime" : 8325.699999999999,
    "pct3ResTime" : 10249.869999999997,
    "throughput" : 68.27150210958942,
    "receivedKBytesPerSec" : 152.1493495645985,
    "sentKBytesPerSec" : 31.068867170965497
  }
}